,Accuracy,AUC,Precision,Recall,F1,MCC
Logistic Regression,0.77,0.4979365079365079,0.0,0.0,0.0,0.0
Decision Tree,0.7113333333333334,0.49303030303030304,0.22327044025157233,0.10289855072463767,0.14087301587301587,-0.005506321257389197
KNN,0.7203333333333334,0.5117425810904073,0.2588996763754045,0.11594202898550725,0.16016016016016016,0.023270520086604837
Naive Bayes,0.77,0.5002465650291736,0.0,0.0,0.0,0.0
Random Forest,0.77,0.503674007152268,0.5,0.0014492753623188406,0.002890173410404624,0.016571188867326964
XGBoost,0.7526666666666667,0.4921626199887069,0.25,0.03768115942028986,0.0654911838790932,0.009006127810358965
